Label,Text,Response
Psoriasis,"I have been experiencing a skin rash on my arms, legs, and torso for the past few weeks. It is red, itchy, and covered in dry, scaly patches.","I understand you're concerned about the red, itchy rash on your arms, legs, and torso. These symptoms could be related to psoriasis, but a doctor or dermatologist can provide a proper diagnosis and recommend the best treatment plan."
Psoriasis,"My skin has been peeling, especially on my knees, elbows, and scalp. This peeling is often accompanied by a burning or stinging sensation.","The peeling skin, especially on your knees, elbows, and scalp, along with the burning or stinging sensation could be signs of psoriasis. Consulting a doctor or dermatologist will help determine the cause and suggest suitable treatment options."
Psoriasis,"I have been experiencing joint pain in my fingers, wrists, and knees. The pain is often achy and throbbing, and it gets worse when I move my joints.","Achy and throbbing joint pain in your fingers, wrists, and knees, especially when moving, could be related to psoriasis or other conditions. A doctor can diagnose the cause and recommend appropriate treatment for both your joints and skin."
Psoriasis,"There is a silver like dusting on my skin, especially on my lower back and scalp. This dusting is made up of small scales that flake off easily when I scratch them.","The silvery ""dusting"" on your lower back and scalp, made up of small, easily flaking scales, could be a symptom of psoriasis. A doctor can confirm the diagnosis and suggest treatment options to manage the flaking and discomfort."
Psoriasis,"My nails have small dents or pits in them, and they often feel inflammatory and tender to the touch. Even there are minor rashes on my arms.","Small dents or pits in your nails, along with inflammation and tenderness, and minor rashes on your arms, could be signs of psoriasis. A doctor can examine your nails and rashes to provide a diagnosis and recommend effective treatment."
Psoriasis,The skin on my palms and soles is thickened and has deep cracks. These cracks are painful and bleed easily.,"Thickened skin with deep cracks on your palms and soles, causing pain and bleeding, could be a symptom of psoriasis. Please see a doctor for a proper diagnosis and treatment plan to manage the pain and prevent further complications."
Psoriasis,"The skin around my mouth, nose, and eyes is red and inflamed. It is often itchy and uncomfortable. There is a noticeable inflammation in my nails.","Red, inflamed skin around your mouth, nose, and eyes, along with itchy discomfort and nail inflammation, could be signs of psoriasis. A doctor can confirm the diagnosis and suggest targeted treatment for these sensitive areas."
Psoriasis,My skin is very sensitive and reacts easily to changes in temperature or humidity. I often have to be careful about what products I use on my skin.,Very sensitive skin that reacts easily to temperature or humidity changes could be a symptom of psoriasis or other skin conditions. A doctor can help identify the cause and recommend geeignete skincare strategies to manage your sensitivity.
Psoriasis,"I have noticed a sudden peeling of skin at different parts of my body, mainly arms, legs and back. Also, I face severe joint pain and skin rashes.","Sudden skin peeling on your arms, legs, and back, combined with severe joint pain and skin rashes, warrants a doctor's visit. They can diagnose the cause and provide treatment for both your skin and joints."
Psoriasis,"The skin on my genitals is red and inflamed. It is often itchy, burning, and uncomfortable. There are rashes on different parts of the body too.","Red, inflamed, itchy, and burning skin on your genitals, along with rashes on other body parts, could be a sign of psoriasis or other conditions. Please see a doctor for a diagnosis and appropriate treatment plan for your genital area."
Psoriasis,"I have experienced fatigue and a general feeling of malaise. I often feel tired and have a lack of energy, even after a good night's sleep.","Fatigue and malaise, even after a good night's sleep, could be related to various conditions, including psoriasis. A doctor can help identify the underlying cause and suggest treatment options to improve your energy levels."
Psoriasis,"The rash on my skin has spread to other parts of my body, including my chest and abdomen. It is itchy and uncomfortable, and it is often worse at night. I am also facing skin peeling.","A spreading rash on your chest and abdomen, causing itchiness and discomfort, especially at night, along with skin peeling, could be related to psoriasis. A doctor can confirm the diagnosis and recommend treatment"
Psoriasis,The rash on my skin is worse in the winter months when the air is dry. I find that I have to moisturize more frequently and use humidifiers to keep my skin hydrated.,Worsening skin rash during dry winter months might be due to psoriasis. A doctor can advise on additional moisturizing and suggest using humidifiers to manage your symptoms effectively.
Psoriasis,"I have experienced difficulty sleeping due to the itching and discomfort caused by the rash. There are small dents in my nails, which is really concerning.","Difficulty sleeping due to itching and discomfort from the rash, along with concerning nail dents, necessitates a doctor's visit. They can diagnose the cause, address your sleep issues, and recommend treatment for your skin and nails."
Psoriasis,"My skin is prone to infections due to dry, flaky patches. I am experiencing a strong pain in my joints. The skin on my knees and elbows is starting to peel off.","Skin prone to infections due to dryness and flakiness, combined with strong joint pain and peeling knees and elbows, requires a doctor's consultation. They can diagnose the cause, recommend treatments for your skin and joints, and help prevent infections."
Psoriasis,"I am starting to have rashes on my skin. The rash often bleeds when I scratch or rub it. Moreover, I have noticed small dents in my nails.","New rashes that bleed when scratched or rubbed, along with nail dents, warrant a doctor's visit. They can diagnose the cause, recommend appropriate treatment for your skin and nails, and advise on managing the bleeding."
Psoriasis,"I have noticed that my skin has become more sensitive than it used to be. There is a silver like dusting on my skin, especially on my back and elbows.","Increased skin sensitivity and silvery ""dusting"" on your back and elbows could be signs of psoriasis. A doctor can confirm the diagnosis and suggest treatment options to manage the sensitivity and flaking."
Psoriasis,"I am worried about the constant peeling of the skin on my palm, elbow and knee. I have developed rashes on my arms, which itch if I touch them. All of these are making my life quite discomforting and miserable.","Constant peeling on your palms, elbows, and knees, along with itchy rashes on your arms, can be very uncomfortable. Please see a doctor for a diagnosis and treatment plan to address the peeling, rashes, and overall discomfort."
Psoriasis,"There is strange pain in my joints. Also, I have noticed strange peeling of skin in different parts of my body. I am afraid there is something wrong going on with my body.",Strange joint pain and unusual skin peeling in different areas raise concerns. A doctor can help identify the cause of these symptoms and recommend appropriate treatment.
Psoriasis,"My nails have small dents on them. Even my joints have started to pain severely. There is a silver like dusting on my skin, particularly in my back.","Nail dents and severe joint pain, combined with silvery ""dusting"" on your back, warrant a doctor's visit. They can diagnose the cause, recommend treatment for your skin and joints, and address your concerns."
Psoriasis,"The rashes on my skin are not healing. Moreover, I have noticed a sudden peeling of the skin, especially the skin on my elbows and knees. I am really worried about this.","Unhealing rashes and sudden skin peeling, especially on your elbows and knees, require medical attention. Please see a doctor for a diagnosis and treatment plan to manage these symptoms and ease your worries."
Psoriasis,"For the past few weeks, I've had a skin rash on my arms, legs, and chest. It's red and irritating, with dry, scaly spots. I have a strange pain in my joints too.","A red, itchy rash with dry, scaly patches on your arms, legs, and chest, combined with joint pain, necessitates a doctor's visit. They can diagnose the cause, recommend treatment for your skin and joints, and offer reassurance."
Psoriasis,"My skin is peeling, particularly on my knees, elbows, and scalp. This peeling is frequently accompanied by a stinging or burning feeling.","Peeling skin, especially on your knees, elbows, and scalp, along with a stinging or burning sensation, could be signs of psoriasis. Consulting a doctor or dermatologist will help determine the cause and suggest suitable treatment options."
Psoriasis,"I'm having joint discomfort in my fingers, wrists, and knees. The pain is frequently aching and throbbing, and it worsens when I move my joints.","Aching and throbbing joint pain in your fingers, wrists, and knees, especially when moving, could be related to psoriasis or other conditions. A doctor can diagnose the cause and recommend appropriate treatment for both your joints and skin."
Psoriasis,"My skin has a silvery film, particularly on my back, arms and scalp. This dusting is composed of tiny scales that easily peel off when scratched.","A silvery film on your skin, especially on your back, arms, and scalp, composed of tiny scales that easily peel off when scratched, could be a sign of psoriasis. A doctor can confirm the diagnosis and suggest treatment options to manage the flaking and discomfort."
Psoriasis,"I have red and inflammatory skin around my mouth, nose, and eyes. It is frequently irritating and unpleasant. Recently, it has got very painful.","Red and inflamed skin around your mouth, nose, and eyes, along with itching and discomfort, could be signs of psoriasis or other conditions. A doctor can confirm the diagnosis and suggest targeted treatment for these sensitive areas."
Varicose Veins,"A rash on my legs is causing discomfort, with cramps and prominent veins on my calves. I've also been feeling tired and fatigued lately.","A rash, cramps, prominent veins, and fatigue could indicate varicose veins or other conditions. Please see a doctor for diagnosis and treatment. Consider mentioning fatigue separately for a broader assessment."
Varicose Veins,"My calves cramp when I walk or stand for long periods. There are bruises on my calves, and I feel tired easily.","Calf cramps, bruises, fatigue, and visible veins warrant a doctor's visit. They can assess the cause, address your concerns, and suggest treatment options for cramps, fatigue, and potential varicose veins."
Varicose Veins,I have unexplained bruising on my legs with visible blood vessels. I'm slightly overweight and worried.,"Unexplained bruising, visible blood vessels, and weight concerns necessitate a doctor's consultation. They can determine the cause of the bruising and veins, address your weight concerns, and suggest appropriate management strategies."
Varicose Veins,I'm overweight and noticed swollen legs with visible blood vessels.,"Swelling, visible veins, and weight suggest potential varicose veins. See a doctor for diagnosis and a personalized treatment plan, considering your weight and specific symptoms."
Varicose Veins,Prominent veins on my calves cause discomfort and pain like cramps when standing for long periods.,Prominent veins causing discomfort and pain like cramps during prolonged standing could be varicose veins. Consult a doctor for diagnosis and treatment options to manage pain and discomfort.
Varicose Veins,The skin around my leg veins is red and inflamed. I see swollen blood vessels and am worried.,"Red and inflamed skin around veins, visible swollen vessels, and worry warrant a doctor's visit. They can diagnose the cause, address your concerns, and recommend treatment for both the skin and potential varicose veins."
Varicose Veins,Standing or walking for long periods causes leg pain and cramps. I also get bruises.,"Leg pain, cramps during activity, and bruises necessitate a doctor's visit. They can diagnose the cause, address your concerns, and recommend treatment options for pain, cramps, and potential varicose veins."
Varicose Veins,"Calve cramps make walking difficult, and I feel fatigued after work. I suspect obesity is the cause.","While obesity can be a factor, varicose veins themselves can cause cramps, fatigue, and swelling. Consult a doctor or vascular specialist for diagnosis and proper treatment, which may involve compression stockings, lifestyle changes, or minimally invasive procedures."
Varicose Veins,"Leg swelling has worsened over the past few weeks, with many noticeable veins on my calves, causing worry.",Worsening swelling and visible veins suggest progression of varicose veins. Seek professional medical advice to prevent complications like skin ulcers or blood clots. Early diagnosis and treatment can greatly improve comfort and leg health.
Varicose Veins,"Very noticeable leg veins cause discomfort. There seems to be a major bruise, and I get cramps when running.","Visible veins, discomfort, and running-induced cramps are all signs of varicose veins. The ""bruise"" might be localized swelling due to pooled blood. Consulting a doctor can confirm the diagnosis and explore treatment options like sclerotherapy or laser therapy to relieve discomfort and improve appearance."
Varicose Veins,Calf skin has become inflamed and red. Legs hurt when running or doing any physical activity.,"Inflammation and pain during activity are concerning symptoms of varicose veins. See a doctor or vascular specialist to rule out other potential causes and discuss treatment options like compression therapy or minimally invasive procedures to address the inflammation and pain, and improve your ability to exercise comfortably."
Varicose Veins,"Recent constant calf pain worsens with standing/walking for long periods. Legs have started to swell, and some blood vessels are quite noticeable.","Constant pain, worsening with standing/walking, swelling, and visible veins are all classic signs of varicose veins. Seek professional medical advice to prevent further complications and explore treatment options like medication, compression therapy, or minimally invasive procedures to manage the pain, swelling, and improve circulation."
Varicose Veins,"Leg veins cause discomfort and difficulty sleeping at night. I have no idea why it's happening, and I get cramps when sprinting.","Varicose veins can definitely cause discomfort and disrupt sleep. While the cause needs professional diagnosis, the mentioned symptoms strongly suggest varicose veins. Consulting a doctor or vascular specialist can provide clarity and explore treatment options like lifestyle changes, compression stockings, or minimally invasive procedures to improve your sleep quality and address the cramps and discomfort."
Varicose Veins,The swelling in my legs is causing me to have difficulty fitting into my shoes. I can't sprint or stand for long periods of time. I can see some swollen blood vessels.,"Worsening leg swelling, limited mobility, and visible blood vessels suggest varicose veins. Seeking professional medical advice is crucial. Early diagnosis and treatment options like compression stockings or minimally invasive procedures can improve comfort and mobility."
Varicose Veins,I have noticed cramps in my calves are becoming more frequent and intense. It is causing me a lot of discomforts. I am also overweight and my legs have started to swell.,"Increasing calf cramps, discomfort, overweight, and leg swelling point towards possible varicose veins. Consult a doctor or vascular specialist to confirm the cause and explore treatment options like lifestyle changes, compression therapy, or medication to manage cramps, swelling, and potential weight-related factors."
Varicose Veins,The veins on my legs cause a lot of discomforts when I sit for long periods of time.,"Discomfort in legs while sitting for extended periods can be a sign of varicose veins. Consider consulting a doctor or vascular specialist. They can diagnose the cause and suggest treatment options like lifestyle modifications, compression stockings, or minimally invasive procedures to address the discomfort."
Varicose Veins,The rash on my legs is spreading and becoming more severe. It has become very difficult for me to run.,"A spreading and worsening rash requires immediate medical attention. Do not ignore it. Consult a doctor or dermatologist to rule out other potential causes and determine the best course of treatment for the rash, ensuring it doesn't affect your running ability."
Varicose Veins,My legs are causing a lot of discomforts when I exercise. I get frequent cramps and the blood vessels have become quite noticeable.,"Leg discomfort during exercise, frequent cramps, and noticeable blood vessels suggest varicose veins. Seek professional medical advice. Early diagnosis and treatment options like compression therapy, medication, or minimally invasive procedures can alleviate discomfort, manage cramps, and improve exercise tolerance."
Varicose Veins,The prominent blood vessels on my calves are causing self-consciousness and embarrassment. I believe the problem is because of my overweight.,"While weight can be a factor, consult a doctor or vascular specialist for a proper diagnosis and personalized treatment plan. They can address the visible veins and explore weight management strategies, if appropriate."
Varicose Veins,The skin around the veins on my legs is dry and flaky. It seems there is a major bruise and my legs have started to swell.,"Dry, flaky skin, potential ""bruise"" (localized swelling), and leg swelling suggest varicose veins. Seek professional medical advice. These symptoms might indicate complications. Early diagnosis and treatment options like compression therapy, medication, or minimally invasive procedures can address the skin concerns, swelling, and underlying varicose veins."
Varicose Veins,I have been experiencing a rash on my legs that is causing a lot of irritation and discomfort. It is red and inflamed and appears to be spreading.,"A spreading, irritating, red, and inflamed rash on legs requires immediate medical attention. Consult a doctor or dermatologist immediately. A spreading rash can indicate various conditions, and prompt diagnosis and treatment are crucial to prevent complications."
Typhoid,"I have constipation and belly pain, and it's getting worse. It affects my daily life. I also get chills every night, followed by a mild fever.","These symptoms can be caused by various conditions, including typhoid fever, but also gastrointestinal infections, appendicitis, inflammatory bowel disease (IBD), or other issues. Seek immediate medical attention for diagnosis and treatment."
Typhoid,"I've had some diarrhea, which is unpleasant. It comes and goes, with abdominal cramps and bloating.","While these symptoms can occur in typhoid fever, they could also indicate food poisoning, irritable bowel syndrome (IBS), lactose intolerance, or other issues. Don't delay seeking prompt medical evaluation for diagnosis and appropriate treatment."
Typhoid,"I experience chills and fever, along with severe abdominal pain. I feel miserable and can't shake these symptoms.","These symptoms can be serious and require immediate medical attention. They could be caused by typhoid fever, but also severe infections, appendicitis, kidney stones, or other conditions. Seek prompt diagnosis and treatment by a healthcare professional."
Typhoid,I have trouble keeping hydrated due to vomiting and diarrhea. There is a mild fever with constipation and headache.,"These symptoms can lead to dehydration and other complications if left untreated. They could be caused by typhoid fever, other infections, gastroenteritis, or other issues. Seek immediate medical attention for evaluation, rehydration, and treatment."
Typhoid,"I lost weight in the past week because I haven't been able to eat much due to nausea and vomiting. This is followed by mild fever, headache, and belly pain. I'm concerned about my health.","These symptoms can be serious and indicate various conditions, including typhoid fever, food poisoning, gastrointestinal infections, liver problems, or others. Do not delay seeking urgent medical evaluation for diagnosis and treatment."
Typhoid,"The fatigue is uncomfortable, and I have difficulties doing my usual activities. I also feel depressed and irritable with mild abdominal pain.","While these symptoms can occur in typhoid fever, they could also indicate chronic fatigue syndrome, depression, anemia, thyroid problems, or other conditions. Seek medical attention for diagnosis and proper management."
Typhoid,"I've had a persistent headache for the past week, worsening. It's accompanied by belly aches, constipation, and diarrhea.","These symptoms can be related to various conditions, including typhoid fever, migraines, dehydration, neurological issues, or others. A healthcare professional can provide an accurate diagnosis and proper treatment plan. Seek medical evaluation."
Typhoid,"I experience high fever, especially at night, with mild headache, constipation, and diarrhea.","These symptoms can be severe and require immediate medical attention. They could be caused by typhoid fever, severe infections, urinary tract infections (UTIs), or other conditions. Seek prompt diagnosis and treatment by a healthcare professional."
Typhoid,I have difficulty breathing and feel constantly nauseous with mild belly pain. It's terrifying at times.,"These symptoms can be life-threatening and need immediate medical attention. They could be caused by pneumonia, asthma, allergic reactions, appendicitis, or other serious conditions. Don't delay seeking help - call emergency services if necessary."
Typhoid,"Diarrhea is watery and foul-smelling, with abdominal pain. I feel like vomiting most of the time.","These symptoms raise concerns about dehydration and potential underlying conditions, including typhoid fever, food poisoning, severe infections, or others. Seek immediate medical attention for evaluation, rehydration, and appropriate treatment."
Typhoid,"I have trouble sleeping due to high fever, headache, and chills. I wake up daily with terrible pain in my belly area.","These symptoms can be serious and require immediate medical attention. They could be caused by typhoid fever, severe infections, meningitis, or other conditions. Seek prompt diagnosis and treatment by a healthcare professional."
Typhoid,"I've also been experiencing some diarrhea and constipation, which has been really worrying. It feels like a sharp, stabbing pain in my belly area. I feel tired all the time.","These symptoms can be caused by various conditions, including typhoid fever, but also gastrointestinal infections, appendicitis, inflammatory bowel disease (IBD), or other issues. Seek immediate medical attention for diagnosis and treatment."
Typhoid,"I have had some constipation and belly pain, which has been really uncomfortable. The pain has been getting worse and it's really affecting my daily life.","These symptoms can be caused by various conditions, including typhoid fever, but also gastrointestinal infections, appendicitis, or other issues. Seek immediate medical attention for diagnosis and treatment."
Typhoid,"I am experiencing a lot of belly pain and constipation, which has been really annoying. Sometimes, I feel a strong urge to vomit, and because of all of these, I am feeling very weak.","These symptoms can be caused by various conditions, including typhoid fever, but also gastrointestinal infections, irritable bowel syndrome (IBS), or other issues. Seek medical attention for diagnosis and proper management."
Typhoid,"The abdominal pain has been coming and going, and it's been really unpleasant. It's been accompanied by constipation and vomiting. I feel really concerned about my health.","These symptoms can be caused by various conditions, including typhoid fever, but also food poisoning, gastrointestinal infections, or other issues. Don't delay seeking prompt medical evaluation for diagnosis and appropriate treatment."
Typhoid,"I have been experiencing a lot of bloating and constipation, and it's been really uncomfortable. It feels like there's a lot of pressure and pain in my belly area.","These symptoms can be caused by various conditions, including typhoid fever, but also constipation, bloating, or other issues. Seek medical attention for proper diagnosis and management."
Typhoid,"I am experiencing extreme belly pain and constipation. Every night, I have a severe fever along with chills and headaches. The last couple of days has been really uncomfortable.","These symptoms can be serious and require immediate medical attention. They could be caused by typhoid fever, but also severe infections, appendicitis, or other conditions. Seek prompt diagnosis and treatment by a healthcare professional."
Typhoid,"I've been feeling exhausted and weak, and I can't seem to get rid of it. Because of the vomiting and nausea, I've entirely lost my appetite. My belly pains which are causing me concern.","These symptoms can be caused by various conditions, including typhoid fever, but also food poisoning, gastrointestinal infections, or other issues. Seek immediate medical attention for diagnosis and appropriate treatment."
Typhoid,"I am experiencing constipation and stomach ache, which has been really difficult. The discomfort has gotten worse, and it is seriously interfering with my everyday life.","These symptoms can be caused by various conditions, including typhoid fever, but also constipation, gastrointestinal issues, or other problems. Seek medical attention for diagnosis and proper management."
Typhoid,"Because of the vomiting and diarrhea, I've been having a lot of difficulties staying hydrated. I have a high fever, as well as constipation and headache.","These symptoms can lead to dehydration and other complications if left untreated. They could be caused by typhoid fever, other infections, gastroenteritis, or other issues. Seek immediate medical attention for evaluation, rehydration, and treatment."
Typhoid,The abdominal pain has been frequent and really painful. Constipation and vomiting have also occurred. I'm quite worried about my health.,"These symptoms can be caused by various conditions, including typhoid fever, but also gastrointestinal infections, appendicitis, or other issues. Seek immediate medical attention for diagnosis and treatment."
Chicken pox,"I've been experiencing intense itching all over my skin, and it's driving me crazy. I also have a rash that's red and inflamed.","These symptoms could indicate chickenpox, but also other conditions like allergic reactions or shingles. Seek medical attention for diagnosis and treatment."
Chicken pox,"I'm feeling fatigued and have no energy. I can barely keep my eyes open during the day, and I've been feeling lethargic and unable to motivate myself.","While these can be symptoms of chickenpox, they could also be related to other illnesses or even stress. Seek medical advice to determine the cause and appropriate management."
Chicken pox,"I've had a high fever for the past few days. I don't know what's causing it. Also, I noticed rashes on my skin and it's hard for me to resist scratching.","These symptoms are consistent with chickenpox, but require confirmation by a healthcare professional. Seek immediate medical attention for diagnosis and treatment."
Chicken pox,I've lost my appetite and can't seem to eat anything. I'm worried about my health.,"Loss of appetite can occur with various conditions, including chickenpox. Seek medical attention for assessment and proper management."
Chicken pox,There are small red spots all over my body that I can't explain. It's worrying me. I feel extremely tired and experience a mild fever every night.,"These symptoms could be chickenpox, but also other infections or allergic reactions. Seek medical evaluation for diagnosis and appropriate treatment."
Chicken pox,"My lymph nodes are swollen, causing discomfort in my neck and armpits. I don't know what's causing it.","Swollen lymph nodes can occur with various infections, including chickenpox. Seek medical attention for diagnosis and treatment of the underlying cause."
Chicken pox,"I'm feeling really sick and uncomfortable like something is wrong inside. I don't know what it could be. I noticed small red spots on my arms, which itches if I touch them.","These symptoms could indicate chickenpox, but also other illnesses. Seek medical attention for diagnosis and proper management."
Chicken pox,The itching is making it hard for me to sleep at night. I can't get any rest. I have also lost my appetite and feel lethargic.,These symptoms are commonly associated with chickenpox. Seek medical evaluation for confirmation and appropriate treatment.
Chicken pox,I'm worried about this rash on my skin. It's spreading rapidly and causing a lot of discomforts. I can hardly sleep at night because of the itching.,"This could be chickenpox, but requires medical confirmation. Seek immediate medical attention for diagnosis and treatment."
Chicken pox,I have no energy and have lost my appetite. I'm feeling really sick and don't know what's wrong.,"These symptoms can occur with various conditions, including chickenpox. Seek medical attention for assessment and proper management."
Chicken pox,"I have a skin rash that's red and inflamed, and it's spreading all over my body. I've been experiencing intense itching, especially on my arms and legs.","These symptoms are consistent with chickenpox, but require confirmation by a healthcare professional. Seek immediate medical attention for diagnosis and treatment."
Chicken pox,"I've had a high fever for the past few days, and it's starting to worry me. I don't know what's causing it. Also, I have red spots all over my arms and legs, some of which are swollen.",Your symptoms could be consistent with chickenpox. It's important to see a doctor for diagnosis and treatment.
Chicken pox,"I have a skin rash that's red and swollen, and it's spreading all over my body. I have a mild fever and it is causing me a lot of discomforts.",Your symptoms could be consistent with chickenpox. It's important to see a doctor for diagnosis and treatment.
Chicken pox,"I'm feeling fatigued and have no energy. I can barely keep my eyes open during the day, and I've been feeling lethargic and unable to motivate myself.","Fatigue and lack of energy can be symptoms of various conditions, including chickenpox. It's important to see a doctor for diagnosis and treatment."
Chicken pox,There are small red spots all over my body that I can't explain. The bumps are itchy and uncomfortable and seem to spread rapidly. It's worrying me.,A sudden rash with unexplained red spots could be a sign of chickenpox or other conditions. It's important to see a doctor for diagnosis and treatment.
Chicken pox,The itching is making it hard for me to sleep at night. I can't seem to get any rest because the rash is so itchy and uncomfortable. I'm feeling really tired and exhausted.,Itchy rash and sleep disturbances are common symptoms of chickenpox. It's important to see a doctor for diagnosis and treatment.
Chicken pox,I have no energy and have lost my appetite. I have a high fever and severe headache and don't know what's wrong.,"Fever, headache, and loss of appetite can be symptoms of chickenpox or other illnesses. It's important to see a doctor for diagnosis and treatment."
Chicken pox,The high fever and swollen lymph nodes are causing me much discomfort. I have a headache and feel weak and fatigued. It's hard for me to concentrate because of the fever.,"Fever, swollen lymph nodes, and fatigue can be symptoms of chickenpox or other conditions. It's important to see a doctor for diagnosis and treatment."
Chicken pox,"The rash on my skin is causing a lot of discomforts. It's red and inflamed, spreading all over my body. The rash is accompanied by intense itching, especially on my arms and legs.","Red, inflamed rash with intense itching is a common symptom of chickenpox. It's important to see a doctor for diagnosis and treatment."
Chicken pox,"There are red spots all over my body that I can't explain. The spots are itchy and starting to swell, and they are spreading rapidly.",A sudden rash with unexplained red spots could be a sign of chickenpox or other conditions. It's important to see a doctor for diagnosis and treatment.
Chicken pox,I have small lymph nodes on my arms and face. The itching is making my day very uncomfortable.,Swollen lymph nodes and itching can be symptoms of chickenpox or other conditions. It's important to see a doctor for diagnosis and treatment.
Chicken pox,"I have no energy and have lost my appetite. I'm feeling really sick and don't know what's wrong. Also, there are small red spots starting to show on my skin.","Loss of energy, loss of appetite, and red spots could be symptoms of chickenpox or other conditions. It's important to see a doctor for diagnosis and treatment."
Impetigo,I have developed a skin rash on my face and neck. The rash is made up of red sores that are blistering. I am worried about my health.,"Your concerns are valid! The symptoms you describe could be consistent with Impetigo, a contagious bacterial skin infection. While I can't diagnose you, it's crucial to see a doctor immediately for a proper diagnosis and treatment plan. Impetigo is highly contagious, so early diagnosis and treatment are essential to prevent spreading it to others."
Impetigo,"I have developed skin rashes made up of blistering sores. The blistering sores are raised, fluid-filled lesions and they are painful to touch. I am also suffering from a high fever.","These symptoms raise concerns for Impetigo, especially with the high fever. Remember, Impetigo is contagious, so please consult a doctor as soon as possible to confirm the diagnosis and receive proper treatment. Early intervention helps prevent spreading the infection and ensures faster recovery."
Impetigo,I have a high fever. There are red sores developing near my nose. The sores are painful and have yellow rust-colored ooze coming out from them.,"The combination of fever, painful sores, and oozing suggests a possible Impetigo infection. Impetigo is contagious, so it's crucial to seek medical attention immediately. A doctor can confirm the diagnosis, prescribe appropriate treatment, and advise on preventing the spread of infection."
Impetigo,"There are rashes around my nose, with large red sores. I noticed that the rash was spreading to other parts of my body. Also, I have a high fever every night.","The spreading rash and fever are concerning signs, potentially pointing towards Impetigo. This infection is contagious, so please prioritize seeing a doctor right away for diagnosis and treatment. Early intervention can prevent further spread and ensure your swift recovery."
Impetigo,I have been suffering from a high fever for the last couple of days. Sores are developing near my nose. The sores are painful and I am feeling very uncomfortable these days.,"Considering the fever and painful sores, Impetigo could be a possibility. Remember, Impetigo is contagious, so it's essential to consult a doctor immediately for a proper diagnosis and treatment plan. Early medical attention can significantly improve your comfort and prevent spreading the infection."
Impetigo,"My skin has developed rashes, mainly near the nose. The rash is spreading to other parts of my body. I am really about worried about this.","Your worries are understandable, and the spreading rash warrants immediate attention. The symptoms you describe could be consistent with Impetigo, a contagious bacterial skin infection. Please see a doctor right away for diagnosis and treatment. Early intervention is key to stop the spread and ensure your well-being."
Impetigo,I have been experiencing extreme fatigue and a high fever. There are rashes near my nose and mouth. The rash is itchy and makes it very difficult for me to sleep.,"The combination of fatigue, fever, and itchy rash near your nose and mouth suggests a potential Impetigo infection. Remember, Impetigo is contagious, so it's vital to consult a doctor immediately to confirm the diagnosis and receive proper treatment. Early intervention can alleviate your discomfort, improve your sleep, and prevent spreading the infection."
Impetigo,"I am suffering from extreme fever and weakness. I have developed sores on my face. The sores itchy and uncomfortable. Often, a yellow colored ooze comes out of the sores.","Given the fever, weakness, and oozing sores, Impetigo could be a possible cause. Please be aware that Impetigo is contagious, so it's critical to see a doctor right away for diagnosis and treatment. Early medical attention can help you feel better faster and prevent spreading the infection to others."
Impetigo,I have noticed that the sores are taking longer to heal and are more prone to infection. The sores on my face are swollen and tender to the touch and very uncomfortable to handle.,"Delayed healing, swollen sores, and discomfort point towards potential complications from Impetigo. Remember, Impetigo is contagious, so it's essential to see a doctor immediately for an evaluation and potential adjustment of your treatment plan. Early intervention can prevent further complications and ensure your comfort."
Impetigo,The sores around my nose have become crusted over and are difficult to touch. A yellow-rust coloured ooze used to come out of the sores. It is taking much more time to handle.,"While the crusting and past oozing suggest improvement, continued discomfort and delayed healing could signal complications from Impetigo. Remember, Impetigo is contagious, so it's crucial to consult a doctor immediately for a follow-up evaluation and ensure complete recovery."
Impetigo,"I developed a minor rash near my nose a few days ago. Now, the rash is accompanied by a burning sensation and redness of the skin. I feel it is some kind of an infection.","Your instincts are good! The burning sensation and worsening redness could indicate an expanding Impetigo infection. Remember, Impetigo is contagious, so it's crucial to see a doctor right away for a diagnosis and treatment plan. Early intervention helps prevent further spread and ensures faster healing."
Impetigo,"Initially, I developed small red sores near my nose and neck. Now, I am having a high fever and the sores have become more painful and inflamed over the past few days.","The worsening symptoms, including fever and increased pain, raise concerns about a potential Impetigo infection. Remember, Impetigo is contagious, so it's important to consult a doctor immediately for confirmation and appropriate treatment. Early intervention can alleviate your discomfort, reduce inflammation, and prevent further spread."
Impetigo,"I noticed a skin rash on my face. It was made up of a blistering sore. Today I observed a yellow colored fluid coming out of the sores, I am not sure what it is.","Your description suggests potential Impetigo, especially with the yellow fluid. Remember, Impetigo is contagious, so it's crucial to see a doctor immediately for a proper diagnosis and treatment plan. Early intervention helps prevent the spread and ensures your swift recovery."
Impetigo,"The sores on my face are beginning to weep clear fluid. Also, every night I get a high fever and chills, because of which I cannot sleep all night.","Weeping sores, fever, and chills are concerning signs, possibly indicating complications from Impetigo. Remember, Impetigo is contagious, so it's critical to seek medical attention immediately. A doctor can confirm the diagnosis, adjust treatment if needed, and provide comfort measures to help you sleep better."
Impetigo,I initially had rashes on my face and near my nose. But now the rash is spreading down my arms and legs.,"The spreading rash is a significant concern, potentially indicating a worsening Impetigo infection. Remember, Impetigo is contagious, so it's crucial to see a doctor immediately for evaluation and potentially adjusted treatment. Early intervention is key to stop the spread and ensure your well-being."